symbol,earnings_date_et,earnings_time,source_name,source_url_or_file_name,source_published_at_utc,known_at_utc,revision_status,source_calendar_coverage_start_date_et,source_calendar_coverage_end_date_et
AAPL,2021-10-28,unknown,sec_edgar_8k_item_2_02,https://www.sec.gov/Archives/edgar/data/320193/000032019321000104/aapl-20211028.htm,2021-10-28T20:30:23Z,2021-10-28T20:30:23Z,sec_8-k_item_2_02,2021-10-01,2024-07-31
AAPL,2022-01-27,unknown,sec_edgar_8k_item_2_02,https://www.sec.gov/Archives/edgar/data/320193/000032019322000006/aapl-20220127.htm,2022-01-27T21:30:36Z,2022-01-27T21:30:36Z,sec_8-k_item_2_02,2021-10-01,2024-07-31
AAPL,2022-04-28,unknown,sec_edgar_8k_item_2_02,https://www.sec.gov/Archives/edgar/data/320193/000032019322000058/aapl-20220428.htm,2022-04-28T20:32:12Z,2022-04-28T20:32:12Z,sec_8-k_item_2_02,2021-10-01,2024-07-31
AAPL,2022-07-28,unknown,sec_edgar_8k_item_2_02,https://www.sec.gov/Archives/edgar/data/320193/000032019322000069/aapl-20220728.htm,2022-07-28T20:31:44Z,2022-07-28T20:31:44Z,sec_8-k_item_2_02,2021-10-01,2024-07-31
AAPL,2022-10-27,unknown,sec_edgar_8k_item_2_02,https://www.sec.gov/Archives/edgar/data/320193/000032019322000107/aapl-20221027.htm,2022-10-27T20:30:22Z,2022-10-27T20:30:22Z,sec_8-k_item_2_02,2021-10-01,2024-07-31
AAPL,2023-02-02,unknown,sec_edgar_8k_item_2_02,https://www.sec.gov/Archives/edgar/data/320193/000032019323000005/aapl-20230202.htm,2023-02-02T21:30:33Z,2023-02-02T21:30:33Z,sec_8-k_item_2_02,2021-10-01,2024-07-31
AAPL,2023-05-04,unknown,sec_edgar_8k_item_2_02,https://www.sec.gov/Archives/edgar/data/320193/000032019323000063/aapl-20230504.htm,2023-05-04T20:30:43Z,2023-05-04T20:30:43Z,sec_8-k_item_2_02,2021-10-01,2024-07-31
AAPL,2023-08-03,unknown,sec_edgar_8k_item_2_02,https://www.sec.gov/Archives/edgar/data/320193/000032019323000075/aapl-20230803.htm,2023-08-03T20:30:21Z,2023-08-03T20:30:21Z,sec_8-k_item_2_02,2021-10-01,2024-07-31
AAPL,2023-11-02,unknown,sec_edgar_8k_item_2_02,https://www.sec.gov/Archives/edgar/data/320193/000032019323000104/aapl-20231102.htm,2023-11-02T20:30:32Z,2023-11-02T20:30:32Z,sec_8-k_item_2_02,2021-10-01,2024-07-31
AAPL,2024-02-01,unknown,sec_edgar_8k_item_2_02,https://www.sec.gov/Archives/edgar/data/320193/000032019324000005/aapl-20240201.htm,2024-02-01T21:30:30Z,2024-02-01T21:30:30Z,sec_8-k_item_2_02,2021-10-01,2024-07-31
AAPL,2024-05-02,unknown,sec_edgar_8k_item_2_02,https://www.sec.gov/Archives/edgar/data/320193/000032019324000067/aapl-20240502.htm,2024-05-02T20:30:34Z,2024-05-02T20:30:34Z,sec_8-k_item_2_02,2021-10-01,2024-07-31
COP,2021-11-02,unknown,sec_edgar_8k_item_2_02,https://www.sec.gov/Archives/edgar/data/1163165/000115752321001302/a52518498.htm,2021-11-02T11:56:27Z,2021-11-02T11:56:27Z,sec_8-k_item_2_02,2021-10-01,2024-07-31
COP,2022-02-03,unknown,sec_edgar_8k_item_2_02,https://www.sec.gov/Archives/edgar/data/1163165/000115752322000144/a52572527.htm,2022-02-03T13:07:26Z,2022-02-03T13:07:26Z,sec_8-k_item_2_02,2021-10-01,2024-07-31
COP,2022-05-05,unknown,sec_edgar_8k_item_2_02,https://www.sec.gov/Archives/edgar/data/1163165/000115752322000566/a52707191.htm,2022-05-05T11:56:40Z,2022-05-05T11:56:40Z,sec_8-k_item_2_02,2021-10-01,2024-07-31
COP,2022-08-04,unknown,sec_edgar_8k_item_2_02,https://www.sec.gov/Archives/edgar/data/1163165/000115752322001029/a52799854.htm,2022-08-04T11:34:57Z,2022-08-04T11:34:57Z,sec_8-k_item_2_02,2021-10-01,2024-07-31
COP,2022-11-03,unknown,sec_edgar_8k_item_2_02,https://www.sec.gov/Archives/edgar/data/1163165/000115752322001504/a52958538.htm,2022-11-03T11:35:28Z,2022-11-03T11:35:28Z,sec_8-k_item_2_02,2021-10-01,2024-07-31
COP,2023-02-02,unknown,sec_edgar_8k_item_2_02,https://www.sec.gov/Archives/edgar/data/1163165/000115752323000152/a53295027.htm,2023-02-02T13:23:01Z,2023-02-02T13:23:01Z,sec_8-k_item_2_02,2021-10-01,2024-07-31
COP,2023-05-04,unknown,sec_edgar_8k_item_2_02,https://www.sec.gov/Archives/edgar/data/1163165/000115752323000730/a53392156.htm,2023-05-04T12:29:56Z,2023-05-04T12:29:56Z,sec_8-k_item_2_02,2021-10-01,2024-07-31
COP,2023-08-03,unknown,sec_edgar_8k_item_2_02,https://www.sec.gov/Archives/edgar/data/1163165/000115752323001246/a53499608.htm,2023-08-03T11:47:22Z,2023-08-03T11:47:22Z,sec_8-k_item_2_02,2021-10-01,2024-07-31
COP,2023-11-02,unknown,sec_edgar_8k_item_2_02,https://www.sec.gov/Archives/edgar/data/1163165/000116316523000029/cop-20231102.htm,2023-11-02T12:24:39Z,2023-11-02T12:24:39Z,sec_8-k_item_2_02,2021-10-01,2024-07-31
COP,2024-02-08,unknown,sec_edgar_8k_item_2_02,https://www.sec.gov/Archives/edgar/data/1163165/000116316524000004/cop-20240208.htm,2024-02-08T13:28:21Z,2024-02-08T13:28:21Z,sec_8-k_item_2_02,2021-10-01,2024-07-31
COP,2024-05-02,unknown,sec_edgar_8k_item_2_02,https://www.sec.gov/Archives/edgar/data/1163165/000116316524000018/cop-20240502.htm,2024-05-02T12:20:24Z,2024-05-02T12:20:24Z,sec_8-k_item_2_02,2021-10-01,2024-07-31
CVX,2021-10-29,unknown,sec_edgar_8k_item_2_02,https://www.sec.gov/Archives/edgar/data/93410/000009341021000043/cvx-20211029.htm,2021-10-29T10:02:25Z,2021-10-29T10:02:25Z,sec_8-k_item_2_02,2021-10-01,2024-07-31
CVX,2022-01-28,unknown,sec_edgar_8k_item_2_02,https://www.sec.gov/Archives/edgar/data/93410/000009341022000004/cvx-20220128.htm,2022-01-28T11:47:14Z,2022-01-28T11:47:14Z,sec_8-k_item_2_02,2021-10-01,2024-07-31
CVX,2022-04-29,unknown,sec_edgar_8k_item_2_02,https://www.sec.gov/Archives/edgar/data/93410/000009341022000023/cvx-20220429.htm,2022-04-29T10:16:49Z,2022-04-29T10:16:49Z,sec_8-k_item_2_02,2021-10-01,2024-07-31
CVX,2022-07-29,unknown,sec_edgar_8k_item_2_02,https://www.sec.gov/Archives/edgar/data/93410/000009341022000062/cvx-20220729.htm,2022-07-29T10:16:50Z,2022-07-29T10:16:50Z,sec_8-k_item_2_02,2021-10-01,2024-07-31
CVX,2022-10-28,unknown,sec_edgar_8k_item_2_02,https://www.sec.gov/Archives/edgar/data/93410/000009341022000072/cvx-20221028.htm,2022-10-28T10:19:21Z,2022-10-28T10:19:21Z,sec_8-k_item_2_02,2021-10-01,2024-07-31
CVX,2023-01-27,unknown,sec_edgar_8k_item_2_02,https://www.sec.gov/Archives/edgar/data/93410/000009341023000003/cvx-20230125.htm,2023-01-27T11:48:29Z,2023-01-27T11:48:29Z,sec_8-k_item_2_02,2021-10-01,2024-07-31
CVX,2023-04-28,unknown,sec_edgar_8k_item_2_02,https://www.sec.gov/Archives/edgar/data/93410/000009341023000063/cvx-20230428.htm,2023-04-28T10:17:21Z,2023-04-28T10:17:21Z,sec_8-k_item_2_02,2021-10-01,2024-07-31
CVX,2023-07-24,unknown,sec_edgar_8k_item_2_02,https://www.sec.gov/Archives/edgar/data/93410/000095014223002083/eh230384172_8k.htm,2023-07-24T10:01:10Z,2023-07-24T10:01:10Z,sec_8-k_item_2_02,2021-10-01,2024-07-31
CVX,2023-07-28,unknown,sec_edgar_8k_item_2_02,https://www.sec.gov/Archives/edgar/data/93410/000009341023000076/cvx-20230728.htm,2023-07-28T10:16:33Z,2023-07-28T10:16:33Z,sec_8-k_item_2_02,2021-10-01,2024-07-31
CVX,2023-10-27,unknown,sec_edgar_8k_item_2_02,https://www.sec.gov/Archives/edgar/data/93410/000009341023000085/cvx-20231027.htm,2023-10-27T10:16:38Z,2023-10-27T10:16:38Z,sec_8-k_item_2_02,2021-10-01,2024-07-31
CVX,2024-01-02,unknown,sec_edgar_8k_item_2_02,https://www.sec.gov/Archives/edgar/data/93410/000009341024000002/cvx-20240102.htm,2024-01-02T13:00:35Z,2024-01-02T13:00:35Z,sec_8-k_item_2_02,2021-10-01,2024-07-31
CVX,2024-02-02,unknown,sec_edgar_8k_item_2_02,https://www.sec.gov/Archives/edgar/data/93410/000009341024000006/cvx-20240202.htm,2024-02-02T11:17:17Z,2024-02-02T11:17:17Z,sec_8-k_item_2_02,2021-10-01,2024-07-31
CVX,2024-04-26,unknown,sec_edgar_8k_item_2_02,https://www.sec.gov/Archives/edgar/data/93410/000009341024000017/cvx-20240426.htm,2024-04-26T10:15:56Z,2024-04-26T10:15:56Z,sec_8-k_item_2_02,2021-10-01,2024-07-31
GOOGL,2023-07-25,unknown,sec_edgar_8k_item_2_02,https://www.sec.gov/Archives/edgar/data/1652044/000165204423000067/goog-20230720.htm,2023-07-25T20:01:21Z,2023-07-25T20:01:21Z,sec_8-k_item_2_02,2021-10-01,2024-07-31
GOOGL,2023-10-24,unknown,sec_edgar_8k_item_2_02,https://www.sec.gov/Archives/edgar/data/1652044/000165204423000088/goog-20231018.htm,2023-10-24T20:01:23Z,2023-10-24T20:01:23Z,sec_8-k_item_2_02,2021-10-01,2024-07-31
GOOGL,2024-01-30,unknown,sec_edgar_8k_item_2_02,https://www.sec.gov/Archives/edgar/data/1652044/000165204424000014/goog-20240130.htm,2024-01-30T21:01:26Z,2024-01-30T21:01:26Z,sec_8-k_item_2_02,2021-10-01,2024-07-31
GOOGL,2024-04-25,unknown,sec_edgar_8k_item_2_02,https://www.sec.gov/Archives/edgar/data/1652044/000165204424000047/goog-20240425.htm,2024-04-25T20:01:35Z,2024-04-25T20:01:35Z,sec_8-k_item_2_02,2021-10-01,2024-07-31
GOOGL,2024-07-23,unknown,sec_edgar_8k_item_2_02,https://www.sec.gov/Archives/edgar/data/1652044/000165204424000076/goog-20240723.htm,2024-07-23T20:01:54Z,2024-07-23T20:01:54Z,sec_8-k_item_2_02,2021-10-01,2024-07-31
JNJ,2021-10-19,unknown,sec_edgar_8k_item_2_02,https://www.sec.gov/Archives/edgar/data/200406/000020040621000067/jnj-20211019.htm,2021-10-19T12:01:28Z,2021-10-19T12:01:28Z,sec_8-k_item_2_02,2021-10-01,2024-07-31
JNJ,2022-01-25,unknown,sec_edgar_8k_item_2_02,https://www.sec.gov/Archives/edgar/data/200406/000020040622000012/jnj-20220125.htm,2022-01-25T13:00:34Z,2022-01-25T13:00:34Z,sec_8-k_item_2_02,2021-10-01,2024-07-31
JNJ,2022-04-19,unknown,sec_edgar_8k_item_2_02,https://www.sec.gov/Archives/edgar/data/200406/000020040622000038/jnj-20220419.htm,2022-04-19T11:56:38Z,2022-04-19T11:56:38Z,sec_8-k_item_2_02,2021-10-01,2024-07-31
JNJ,2022-07-19,unknown,sec_edgar_8k_item_2_02,https://www.sec.gov/Archives/edgar/data/200406/000020040622000063/jnj-20220719.htm,2022-07-19T11:59:43Z,2022-07-19T11:59:43Z,sec_8-k_item_2_02,2021-10-01,2024-07-31
JNJ,2022-10-18,unknown,sec_edgar_8k_item_2_02,https://www.sec.gov/Archives/edgar/data/200406/000020040622000081/jnj-20221018.htm,2022-10-18T11:54:56Z,2022-10-18T11:54:56Z,sec_8-k_item_2_02,2021-10-01,2024-07-31
JNJ,2023-01-24,unknown,sec_edgar_8k_item_2_02,https://www.sec.gov/Archives/edgar/data/200406/000020040623000005/jnj-20230124.htm,2023-01-24T12:44:10Z,2023-01-24T12:44:10Z,sec_8-k_item_2_02,2021-10-01,2024-07-31
JNJ,2023-04-18,unknown,sec_edgar_8k_item_2_02,https://www.sec.gov/Archives/edgar/data/200406/000020040623000043/jnj-20230418.htm,2023-04-18T11:29:50Z,2023-04-18T11:29:50Z,sec_8-k_item_2_02,2021-10-01,2024-07-31
JNJ,2023-07-20,unknown,sec_edgar_8k_item_2_02,https://www.sec.gov/Archives/edgar/data/200406/000020040623000073/jnj-20230720.htm,2023-07-20T11:15:55Z,2023-07-20T11:15:55Z,sec_8-k_item_2_02,2021-10-01,2024-07-31
JNJ,2023-08-30,unknown,sec_edgar_8k_item_2_02,https://www.sec.gov/Archives/edgar/data/200406/000020040623000091/jnj-20230830.htm,2023-08-30T11:46:49Z,2023-08-30T11:46:49Z,sec_8-k_item_2_02,2021-10-01,2024-07-31
JNJ,2023-10-17,unknown,sec_edgar_8k_item_2_02,https://www.sec.gov/Archives/edgar/data/200406/000020040623000094/jnj-20231017.htm,2023-10-17T11:33:25Z,2023-10-17T11:33:25Z,sec_8-k_item_2_02,2021-10-01,2024-07-31
JNJ,2024-01-23,unknown,sec_edgar_8k_item_2_02,https://www.sec.gov/Archives/edgar/data/200406/000020040624000004/jnj-20240123.htm,2024-01-23T12:45:37Z,2024-01-23T12:45:37Z,sec_8-k_item_2_02,2021-10-01,2024-07-31
JNJ,2024-04-16,unknown,sec_edgar_8k_item_2_02,https://www.sec.gov/Archives/edgar/data/200406/000020040624000031/jnj-20240416.htm,2024-04-16T11:06:41Z,2024-04-16T11:06:41Z,sec_8-k_item_2_02,2021-10-01,2024-07-31
JNJ,2024-05-01,unknown,sec_edgar_8k_item_2_02,https://www.sec.gov/Archives/edgar/data/200406/000020040624000048/jnj-20240501.htm,2024-05-01T11:00:25Z,2024-05-01T11:00:25Z,sec_8-k_item_2_02,2021-10-01,2024-07-31
JNJ,2024-07-17,unknown,sec_edgar_8k_item_2_02,https://www.sec.gov/Archives/edgar/data/200406/000020040624000071/jnj-20240717.htm,2024-07-17T12:14:26Z,2024-07-17T12:14:26Z,sec_8-k_item_2_02,2021-10-01,2024-07-31
LLY,2021-10-26,unknown,sec_edgar_8k_item_2_02,https://www.sec.gov/Archives/edgar/data/59478/000005947821000213/lly-20211026.htm,2021-10-26T11:06:35Z,2021-10-26T11:06:35Z,sec_8-k_item_2_02,2021-10-01,2024-07-31
LLY,2021-12-15,unknown,sec_edgar_8k_item_2_02,https://www.sec.gov/Archives/edgar/data/59478/000119312521357380/d212746d8k.htm,2021-12-15T12:05:57Z,2021-12-15T12:05:57Z,sec_8-k_item_2_02,2021-10-01,2024-07-31
LLY,2022-02-03,unknown,sec_edgar_8k_item_2_02,https://www.sec.gov/Archives/edgar/data/59478/000005947822000016/lly-20220203.htm,2022-02-03T12:08:37Z,2022-02-03T12:08:37Z,sec_8-k_item_2_02,2021-10-01,2024-07-31
LLY,2022-04-14,unknown,sec_edgar_8k_item_2_02,https://www.sec.gov/Archives/edgar/data/59478/000005947822000117/lly-20220414.htm,2022-04-14T20:57:23Z,2022-04-14T20:57:23Z,sec_8-k_item_2_02,2021-10-01,2024-07-31
LLY,2022-04-28,unknown,sec_edgar_8k_item_2_02,https://www.sec.gov/Archives/edgar/data/59478/000005947822000130/lly-20220428.htm,2022-04-28T11:05:27Z,2022-04-28T11:05:27Z,sec_8-k_item_2_02,2021-10-01,2024-07-31
LLY,2022-08-04,unknown,sec_edgar_8k_item_2_02,https://www.sec.gov/Archives/edgar/data/59478/000005947822000194/lly-20220804.htm,2022-08-04T11:05:33Z,2022-08-04T11:05:33Z,sec_8-k_item_2_02,2021-10-01,2024-07-31
LLY,2022-11-01,unknown,sec_edgar_8k_item_2_02,https://www.sec.gov/Archives/edgar/data/59478/000005947822000248/lly-20221101.htm,2022-11-01T11:03:47Z,2022-11-01T11:03:47Z,sec_8-k_item_2_02,2021-10-01,2024-07-31
LLY,2022-12-13,unknown,sec_edgar_8k_item_2_02,https://www.sec.gov/Archives/edgar/data/59478/000005947822000277/lly-20221213.htm,2022-12-13T12:03:51Z,2022-12-13T12:03:51Z,sec_8-k_item_2_02,2021-10-01,2024-07-31
LLY,2023-02-02,unknown,sec_edgar_8k_item_2_02,https://www.sec.gov/Archives/edgar/data/59478/000005947823000025/lly-20230202.htm,2023-02-02T12:13:44Z,2023-02-02T12:13:44Z,sec_8-k_item_2_02,2021-10-01,2024-07-31
LLY,2023-04-27,unknown,sec_edgar_8k_item_2_02,https://www.sec.gov/Archives/edgar/data/59478/000005947823000160/lly-20230427.htm,2023-04-27T11:02:50Z,2023-04-27T11:02:50Z,sec_8-k_item_2_02,2021-10-01,2024-07-31
LLY,2023-08-08,unknown,sec_edgar_8k_item_2_02,https://www.sec.gov/Archives/edgar/data/59478/000005947823000219/lly-20230808.htm,2023-08-08T11:01:37Z,2023-08-08T11:01:37Z,sec_8-k_item_2_02,2021-10-01,2024-07-31
LLY,2023-11-02,unknown,sec_edgar_8k_item_2_02,https://www.sec.gov/Archives/edgar/data/59478/000005947823000282/lly-20231102.htm,2023-11-02T11:02:01Z,2023-11-02T11:02:01Z,sec_8-k_item_2_02,2021-10-01,2024-07-31
LLY,2024-02-06,unknown,sec_edgar_8k_item_2_02,https://www.sec.gov/Archives/edgar/data/59478/000005947824000032/lly-20240206.htm,2024-02-06T12:04:24Z,2024-02-06T12:04:24Z,sec_8-k_item_2_02,2021-10-01,2024-07-31
LLY,2024-04-30,unknown,sec_edgar_8k_item_2_02,https://www.sec.gov/Archives/edgar/data/59478/000005947824000116/lly-20240430.htm,2024-04-30T11:04:14Z,2024-04-30T11:04:14Z,sec_8-k_item_2_02,2021-10-01,2024-07-31
NEM,2021-10-28,unknown,sec_edgar_8k_item_2_02,https://www.sec.gov/Archives/edgar/data/1164727/000115752321001269/a52516925.htm,2021-10-28T11:01:56Z,2021-10-28T11:01:56Z,sec_8-k_item_2_02,2021-10-01,2024-07-31
NEM,2022-02-24,unknown,sec_edgar_8k_item_2_02,https://www.sec.gov/Archives/edgar/data/1164727/000115752322000249/a52584477.htm,2022-02-24T12:00:39Z,2022-02-24T12:00:39Z,sec_8-k_item_2_02,2021-10-01,2024-07-31
NEM,2022-04-22,unknown,sec_edgar_8k_item_2_02,https://www.sec.gov/Archives/edgar/data/1164727/000115752322000461/a52693640.htm,2022-04-22T11:00:49Z,2022-04-22T11:00:49Z,sec_8-k_item_2_02,2021-10-01,2024-07-31
NEM,2022-07-25,unknown,sec_edgar_8k_item_2_02,https://www.sec.gov/Archives/edgar/data/1164727/000115752322000888/a52789249.htm,2022-07-25T11:00:40Z,2022-07-25T11:00:40Z,sec_8-k_item_2_02,2021-10-01,2024-07-31
NEM,2022-11-01,unknown,sec_edgar_8k_item_2_02,https://www.sec.gov/Archives/edgar/data/1164727/000115752322001452/a52955822.htm,2022-11-01T11:03:34Z,2022-11-01T11:03:34Z,sec_8-k_item_2_02,2021-10-01,2024-07-31
NEM,2023-02-23,unknown,sec_edgar_8k_item_2_02,https://www.sec.gov/Archives/edgar/data/1164727/000115752323000340/a53340839.htm,2023-02-23T12:01:28Z,2023-02-23T12:01:28Z,sec_8-k_item_2_02,2021-10-01,2024-07-31
NEM,2023-04-27,unknown,sec_edgar_8k_item_2_02,https://www.sec.gov/Archives/edgar/data/1164727/000115752323000631/a53388436.htm,2023-04-27T11:00:35Z,2023-04-27T11:00:35Z,sec_8-k_item_2_02,2021-10-01,2024-07-31
NEM,2023-07-20,unknown,sec_edgar_8k_item_2_02,https://www.sec.gov/Archives/edgar/data/1164727/000115752323001113/a53468942.htm,2023-07-20T11:00:29Z,2023-07-20T11:00:29Z,sec_8-k_item_2_02,2021-10-01,2024-07-31
NEM,2023-10-26,unknown,sec_edgar_8k_item_2_02,https://www.sec.gov/Archives/edgar/data/1164727/000115752323001555/a53687147.htm,2023-10-26T11:00:37Z,2023-10-26T11:00:37Z,sec_8-k_item_2_02,2021-10-01,2024-07-31
NEM,2024-02-22,unknown,sec_edgar_8k_item_2_02,https://www.sec.gov/Archives/edgar/data/1164727/000116472724000006/nem-20240222.htm,2024-02-22T12:00:35Z,2024-02-22T12:00:35Z,sec_8-k_item_2_02,2021-10-01,2024-07-31
NEM,2024-04-25,unknown,sec_edgar_8k_item_2_02,https://www.sec.gov/Archives/edgar/data/1164727/000116472724000025/nem-20240425.htm,2024-04-25T11:00:33Z,2024-04-25T11:00:33Z,sec_8-k_item_2_02,2021-10-01,2024-07-31
NEM,2024-07-24,unknown,sec_edgar_8k_item_2_02,https://www.sec.gov/Archives/edgar/data/1164727/000116472724000035/nem-20240724.htm,2024-07-24T20:05:28Z,2024-07-24T20:05:28Z,sec_8-k_item_2_02,2021-10-01,2024-07-31
UNH,2021-10-14,unknown,sec_edgar_8k_item_2_02,https://www.sec.gov/Archives/edgar/data/731766/000073176621000040/unh-20211014.htm,2021-10-14T10:05:32Z,2021-10-14T10:05:32Z,sec_8-k_item_2_02,2021-10-01,2024-07-31
UNH,2022-01-19,unknown,sec_edgar_8k_item_2_02,https://www.sec.gov/Archives/edgar/data/731766/000073176622000004/unh-20220119.htm,2022-01-19T11:03:59Z,2022-01-19T11:03:59Z,sec_8-k_item_2_02,2021-10-01,2024-07-31
UNH,2022-04-14,unknown,sec_edgar_8k_item_2_02,https://www.sec.gov/Archives/edgar/data/731766/000073176622000016/unh-20220414.htm,2022-04-14T10:02:26Z,2022-04-14T10:02:26Z,sec_8-k_item_2_02,2021-10-01,2024-07-31
UNH,2022-07-15,unknown,sec_edgar_8k_item_2_02,https://www.sec.gov/Archives/edgar/data/731766/000073176622000033/unh-20220715.htm,2022-07-15T10:02:07Z,2022-07-15T10:02:07Z,sec_8-k_item_2_02,2021-10-01,2024-07-31
UNH,2022-10-14,unknown,sec_edgar_8k_item_2_02,https://www.sec.gov/Archives/edgar/data/731766/000073176622000041/unh-20221014.htm,2022-10-14T10:06:29Z,2022-10-14T10:06:29Z,sec_8-k_item_2_02,2021-10-01,2024-07-31
UNH,2023-01-13,unknown,sec_edgar_8k_item_2_02,https://www.sec.gov/Archives/edgar/data/731766/000073176623000003/unh-20230113.htm,2023-01-13T11:01:14Z,2023-01-13T11:01:14Z,sec_8-k_item_2_02,2021-10-01,2024-07-31
UNH,2023-04-14,unknown,sec_edgar_8k_item_2_02,https://www.sec.gov/Archives/edgar/data/731766/000073176623000026/unh-20230414.htm,2023-04-14T10:02:56Z,2023-04-14T10:02:56Z,sec_8-k_item_2_02,2021-10-01,2024-07-31
UNH,2023-07-14,unknown,sec_edgar_8k_item_2_02,https://www.sec.gov/Archives/edgar/data/731766/000073176623000049/unh-20230714.htm,2023-07-14T10:04:16Z,2023-07-14T10:04:16Z,sec_8-k_item_2_02,2021-10-01,2024-07-31
UNH,2023-10-13,unknown,sec_edgar_8k_item_2_02,https://www.sec.gov/Archives/edgar/data/731766/000073176623000058/unh-20231013.htm,2023-10-13T10:03:32Z,2023-10-13T10:03:32Z,sec_8-k_item_2_02,2021-10-01,2024-07-31
UNH,2024-01-12,unknown,sec_edgar_8k_item_2_02,https://www.sec.gov/Archives/edgar/data/731766/000073176624000023/unh-20240112.htm,2024-01-12T11:01:27Z,2024-01-12T11:01:27Z,sec_8-k_item_2_02,2021-10-01,2024-07-31
UNH,2024-04-16,unknown,sec_edgar_8k_item_2_02,https://www.sec.gov/Archives/edgar/data/731766/000073176624000146/unh-20240416.htm,2024-04-16T10:01:51Z,2024-04-16T10:01:51Z,sec_8-k_item_2_02,2021-10-01,2024-07-31
UNH,2024-07-16,unknown,sec_edgar_8k_item_2_02,https://www.sec.gov/Archives/edgar/data/731766/000073176624000242/unh-20240716.htm,2024-07-16T10:01:27Z,2024-07-16T10:01:27Z,sec_8-k_item_2_02,2021-10-01,2024-07-31
XOM,2021-10-29,unknown,sec_edgar_8k_item_2_02,https://www.sec.gov/Archives/edgar/data/34088/000003408821000061/xom-20211029.htm,2021-10-29T11:30:10Z,2021-10-29T11:30:10Z,sec_8-k_item_2_02,2021-10-01,2024-07-31
XOM,2022-02-01,unknown,sec_edgar_8k_item_2_02,https://www.sec.gov/Archives/edgar/data/34088/000003408822000005/xom-20220201.htm,2022-02-01T12:25:00Z,2022-02-01T12:25:00Z,sec_8-k_item_2_02,2021-10-01,2024-07-31
XOM,2022-04-29,unknown,sec_edgar_8k_item_2_02,https://www.sec.gov/Archives/edgar/data/34088/000003408822000023/xom-20220429.htm,2022-04-29T10:02:06Z,2022-04-29T10:02:06Z,sec_8-k_item_2_02,2021-10-01,2024-07-31
XOM,2022-07-29,unknown,sec_edgar_8k_item_2_02,https://www.sec.gov/Archives/edgar/data/34088/000003408822000048/xom-20220729.htm,2022-07-29T10:31:59Z,2022-07-29T10:31:59Z,sec_8-k_item_2_02,2021-10-01,2024-07-31
XOM,2022-10-28,unknown,sec_edgar_8k_item_2_02,https://www.sec.gov/Archives/edgar/data/34088/000003408822000057/xom-20221028.htm,2022-10-28T10:32:12Z,2022-10-28T10:32:12Z,sec_8-k_item_2_02,2021-10-01,2024-07-31
XOM,2023-01-31,unknown,sec_edgar_8k_item_2_02,https://www.sec.gov/Archives/edgar/data/34088/000003408823000011/xom-20230131.htm,2023-01-31T11:32:51Z,2023-01-31T11:32:51Z,sec_8-k_item_2_02,2021-10-01,2024-07-31
XOM,2023-04-28,unknown,sec_edgar_8k_item_2_02,https://www.sec.gov/Archives/edgar/data/34088/000003408823000028/xom-20230428.htm,2023-04-28T10:32:24Z,2023-04-28T10:32:24Z,sec_8-k_item_2_02,2021-10-01,2024-07-31
XOM,2023-07-28,unknown,sec_edgar_8k_item_2_02,https://www.sec.gov/Archives/edgar/data/34088/000003408823000046/xom-20230728.htm,2023-07-28T10:32:19Z,2023-07-28T10:32:19Z,sec_8-k_item_2_02,2021-10-01,2024-07-31
XOM,2023-10-27,unknown,sec_edgar_8k_item_2_02,https://www.sec.gov/Archives/edgar/data/34088/000003408823000054/xom-20231027.htm,2023-10-27T10:31:48Z,2023-10-27T10:31:48Z,sec_8-k_item_2_02,2021-10-01,2024-07-31
XOM,2024-02-02,unknown,sec_edgar_8k_item_2_02,https://www.sec.gov/Archives/edgar/data/34088/000003408824000007/xom-20240202.htm,2024-02-02T11:31:50Z,2024-02-02T11:31:50Z,sec_8-k_item_2_02,2021-10-01,2024-07-31
XOM,2024-04-26,unknown,sec_edgar_8k_item_2_02,https://www.sec.gov/Archives/edgar/data/34088/000003408824000025/xom-20240426.htm,2024-04-26T10:31:49Z,2024-04-26T10:31:49Z,sec_8-k_item_2_02,2021-10-01,2024-07-31
